,0
0,https://ca.indeed.com/jobs?q=data&l=canada
1,https://ca.indeed.com/jobs?q=junior+data+developer&l=canada
2,https://ca.indeed.com/jobs?q=business+data+analyst&l=canada
3,https://ca.indeed.com/jobs?q=statistician&l=canada
4,https://ca.indeed.com/jobs?q=data&l=canada
5,https://ca.indeed.com/jobs?q=junior+data+developer&l=canada
6,https://ca.indeed.com/jobs?q=business+data+analyst&l=canada
7,https://ca.indeed.com/jobs?q=statistician&l=canada
8,https://ca.indeed.com/jobs?q=big+data+engineer&l=canada
9,https://ca.indeed.com/jobs?q=data&l=canada&start=90
10,https://ca.indeed.com/jobs?q=data&l=canada&start=90
11,https://ca.indeed.com/jobs?q=data&l=canada&start=90
12,https://ca.indeed.com/jobs?q=data&l=canada&start=90
13,https://ca.indeed.com/jobs?q=data&l=canada&start=90
14,https://ca.indeed.com/jobs?q=data&l=canada&start=90
15,https://ca.indeed.com/jobs?q=data&l=canada&start=90
16,https://ca.indeed.com/jobs?q=data&l=canada&start=90
17,https://ca.indeed.com/jobs?q=data&l=canada&start=90
18,https://ca.indeed.com/jobs?q=data&l=canada&start=90
19,https://ca.indeed.com/jobs?q=data&l=canada&start=90
20,https://ca.indeed.com/jobs?q=data&l=canada&start=90
21,https://ca.indeed.com/jobs?q=data&l=canada&start=90
22,https://ca.indeed.com/jobs?q=data&l=canada&start=90
23,https://ca.indeed.com/jobs?q=data&l=canada&start=90
24,https://ca.indeed.com/jobs?q=data&l=canada&start=90
25,https://ca.indeed.com/jobs?q=data&l=canada&start=90
26,https://ca.indeed.com/jobs?q=data&l=canada&start=90
27,https://ca.indeed.com/jobs?q=data&l=canada&start=90
28,https://ca.indeed.com/jobs?q=data&l=canada&start=90
29,https://ca.indeed.com/jobs?q=data&l=canada&start=90
30,https://ca.indeed.com/jobs?q=data&l=canada&start=90
31,https://ca.indeed.com/jobs?q=data&l=canada&start=90
32,https://ca.indeed.com/jobs?q=data&l=canada&start=90
33,https://ca.indeed.com/jobs?q=data&l=canada&start=90
34,https://ca.indeed.com/jobs?q=data&l=canada&start=90
35,https://ca.indeed.com/jobs?q=data&l=canada&start=90
36,https://ca.indeed.com/jobs?q=data&l=canada&start=90
37,https://ca.indeed.com/jobs?q=data&l=canada&start=90
38,https://ca.indeed.com/jobs?q=data&l=canada&start=90
39,https://ca.indeed.com/jobs?q=data&l=canada&start=90
40,https://ca.indeed.com/jobs?q=data&l=canada&start=90
41,https://ca.indeed.com/jobs?q=data&l=canada&start=90
42,https://ca.indeed.com/jobs?q=data&l=canada&start=90
43,https://ca.indeed.com/jobs?q=data&l=canada&start=90
44,https://ca.indeed.com/jobs?q=data&l=canada&start=90
45,https://ca.indeed.com/jobs?q=data&l=canada&start=90
46,https://ca.indeed.com/jobs?q=data&l=canada&start=90
47,https://ca.indeed.com/jobs?q=data&l=canada&start=90
48,https://ca.indeed.com/jobs?q=data&l=canada&start=90
49,https://ca.indeed.com/jobs?q=data&l=canada&start=90
50,https://ca.indeed.com/jobs?q=data&l=canada&start=90
51,https://ca.indeed.com/jobs?q=data&l=canada&start=90
52,https://ca.indeed.com/jobs?q=data&l=canada&start=90
53,https://ca.indeed.com/jobs?q=data&l=canada&start=90
54,https://ca.indeed.com/jobs?q=data&l=canada&start=90
55,https://ca.indeed.com/jobs?q=data&l=canada&start=90
56,https://ca.indeed.com/jobs?q=data&l=canada&start=90
57,https://ca.indeed.com/jobs?q=data&l=canada&start=90
58,https://ca.indeed.com/jobs?q=data&l=canada&start=90
59,https://ca.indeed.com/jobs?q=data&l=canada&start=90
60,https://ca.indeed.com/jobs?q=data&l=canada&start=90
61,https://ca.indeed.com/jobs?q=data&l=canada&start=90
62,https://ca.indeed.com/jobs?q=data&l=canada&start=90
63,https://ca.indeed.com/jobs?q=data&l=canada&start=90
64,https://ca.indeed.com/jobs?q=data&l=canada&start=90
65,https://ca.indeed.com/jobs?q=data&l=canada&start=90
66,https://ca.indeed.com/jobs?q=data&l=canada&start=90
67,https://ca.indeed.com/jobs?q=data&l=canada&start=90
68,https://ca.indeed.com/jobs?q=data&l=canada&start=90
69,https://ca.indeed.com/jobs?q=data&l=canada&start=90
70,https://ca.indeed.com/jobs?q=data&l=canada&start=90
71,https://ca.indeed.com/jobs?q=data&l=canada&start=90
72,https://ca.indeed.com/jobs?q=data&l=canada&start=90
73,https://ca.indeed.com/jobs?q=data&l=canada&start=90
74,https://ca.indeed.com/jobs?q=data&l=canada&start=90
75,https://ca.indeed.com/jobs?q=data&l=canada&start=90
76,https://ca.indeed.com/jobs?q=data&l=canada&start=90
77,https://ca.indeed.com/jobs?q=data&l=canada&start=90
78,https://ca.indeed.com/jobs?q=data&l=canada&start=90
79,https://ca.indeed.com/jobs?q=data&l=canada&start=90
80,https://ca.indeed.com/jobs?q=data&l=canada&start=90
81,https://ca.indeed.com/jobs?q=data&l=canada&start=90
82,https://ca.indeed.com/jobs?q=data&l=canada&start=90
83,https://ca.indeed.com/jobs?q=data&l=canada&start=90
84,https://ca.indeed.com/jobs?q=data&l=canada&start=90
85,https://ca.indeed.com/jobs?q=data&l=canada&start=90
86,https://ca.indeed.com/jobs?q=data&l=canada&start=90
87,https://ca.indeed.com/jobs?q=data&l=canada&start=90
88,https://ca.indeed.com/jobs?q=data&l=canada&start=90
89,https://ca.indeed.com/jobs?q=data&l=canada&start=90
90,https://ca.indeed.com/jobs?q=data&l=canada&start=90
91,https://ca.indeed.com/jobs?q=data&l=canada&start=90
92,https://ca.indeed.com/jobs?q=data&l=canada&start=90
93,https://ca.indeed.com/jobs?q=data&l=canada&start=90
94,https://ca.indeed.com/jobs?q=data&l=canada&start=90
95,https://ca.indeed.com/jobs?q=data&l=canada&start=90
96,https://ca.indeed.com/jobs?q=data&l=canada&start=90
97,https://ca.indeed.com/jobs?q=data&l=canada&start=90
98,https://ca.indeed.com/jobs?q=data&l=canada&start=90
99,https://ca.indeed.com/jobs?q=data&l=canada&start=90
100,https://ca.indeed.com/jobs?q=data&l=canada&start=90
101,https://ca.indeed.com/jobs?q=data&l=canada&start=90
102,https://ca.indeed.com/jobs?q=data&l=canada&start=90
103,https://ca.indeed.com/jobs?q=data&l=canada&start=90
104,https://ca.indeed.com/jobs?q=data&l=canada&start=90
105,https://ca.indeed.com/jobs?q=data&l=canada&start=90
106,https://ca.indeed.com/jobs?q=data&l=canada&start=90
107,https://ca.indeed.com/jobs?q=data&l=canada&start=90
108,https://ca.indeed.com/jobs?q=data&l=canada&start=90
109,https://ca.indeed.com/jobs?q=data&l=canada&start=90
110,https://ca.indeed.com/jobs?q=data&l=canada&start=90
111,https://ca.indeed.com/jobs?q=data&l=canada&start=90
112,https://ca.indeed.com/jobs?q=data&l=canada&start=90
113,https://ca.indeed.com/jobs?q=data&l=canada&start=90
114,https://ca.indeed.com/jobs?q=data&l=canada&start=90
115,https://ca.indeed.com/jobs?q=data&l=canada&start=90
116,https://ca.indeed.com/jobs?q=data&l=canada&start=90
117,https://ca.indeed.com/jobs?q=data&l=canada&start=90
118,https://ca.indeed.com/jobs?q=data&l=canada&start=90
119,https://ca.indeed.com/jobs?q=data&l=canada&start=90
120,https://ca.indeed.com/jobs?q=data&l=canada&start=90
121,https://ca.indeed.com/jobs?q=data&l=canada&start=90
122,https://ca.indeed.com/jobs?q=data&l=canada&start=90
123,https://ca.indeed.com/jobs?q=data&l=canada&start=90
124,https://ca.indeed.com/jobs?q=data&l=canada&start=90
125,https://ca.indeed.com/jobs?q=data&l=canada&start=90
126,https://ca.indeed.com/jobs?q=data&l=canada&start=90
127,https://ca.indeed.com/jobs?q=data&l=canada&start=90
128,https://ca.indeed.com/jobs?q=data&l=canada&start=90
129,https://ca.indeed.com/jobs?q=data&l=canada&start=90
130,https://ca.indeed.com/jobs?q=data&l=canada&start=90
131,https://ca.indeed.com/jobs?q=data&l=canada&start=90
132,https://ca.indeed.com/jobs?q=data&l=canada&start=90
133,https://ca.indeed.com/jobs?q=data&l=canada&start=90
134,https://ca.indeed.com/jobs?q=data&l=canada&start=90
135,https://ca.indeed.com/jobs?q=data&l=canada&start=90
136,https://ca.indeed.com/jobs?q=data&l=canada&start=90
137,https://ca.indeed.com/jobs?q=data&l=canada&start=90
138,https://ca.indeed.com/jobs?q=data&l=canada&start=90
139,https://ca.indeed.com/jobs?q=data&l=canada&start=90
140,https://ca.indeed.com/jobs?q=data&l=canada&start=90
141,https://ca.indeed.com/jobs?q=data&l=canada&start=90
142,https://ca.indeed.com/jobs?q=data&l=canada&start=90
143,https://ca.indeed.com/jobs?q=data&l=canada&start=90
144,https://ca.indeed.com/jobs?q=data&l=canada&start=90
145,https://ca.indeed.com/jobs?q=data&l=canada&start=90
146,https://ca.indeed.com/jobs?q=data&l=canada&start=90
147,https://ca.indeed.com/jobs?q=data&l=canada&start=90
148,https://ca.indeed.com/jobs?q=data&l=canada&start=90
149,https://ca.indeed.com/jobs?q=data&l=canada&start=90
150,https://ca.indeed.com/jobs?q=data&l=canada&start=90
151,https://ca.indeed.com/jobs?q=data&l=canada&start=90
152,https://ca.indeed.com/jobs?q=data&l=canada&start=90
153,https://ca.indeed.com/jobs?q=data&l=canada&start=90
154,https://ca.indeed.com/jobs?q=data&l=canada&start=90
155,https://ca.indeed.com/jobs?q=data&l=canada&start=90
156,https://ca.indeed.com/jobs?q=data&l=canada&start=90
157,https://ca.indeed.com/jobs?q=data&l=canada&start=90
158,https://ca.indeed.com/jobs?q=data&l=canada&start=90
159,https://ca.indeed.com/jobs?q=data&l=canada&start=90
160,https://ca.indeed.com/jobs?q=data&l=canada&start=90
161,https://ca.indeed.com/jobs?q=data&l=canada&start=90
162,https://ca.indeed.com/jobs?q=data&l=canada&start=90
163,https://ca.indeed.com/jobs?q=data&l=canada&start=90
164,https://ca.indeed.com/jobs?q=data&l=canada&start=90
165,https://ca.indeed.com/jobs?q=data&l=canada&start=90
166,https://ca.indeed.com/jobs?q=data&l=canada&start=90
167,https://ca.indeed.com/jobs?q=data&l=canada&start=90
168,https://ca.indeed.com/jobs?q=data&l=canada&start=90
169,https://ca.indeed.com/jobs?q=data&l=canada&start=90
170,https://ca.indeed.com/jobs?q=data&l=canada&start=90
171,https://ca.indeed.com/jobs?q=data&l=canada&start=90
172,https://ca.indeed.com/jobs?q=data&l=canada&start=90
173,https://ca.indeed.com/jobs?q=data&l=canada&start=90
174,https://ca.indeed.com/jobs?q=data&l=canada&start=90
175,https://ca.indeed.com/jobs?q=data&l=canada&start=90
176,https://ca.indeed.com/jobs?q=data&l=canada&start=90
177,https://ca.indeed.com/jobs?q=data&l=canada&start=90
178,https://ca.indeed.com/jobs?q=data&l=canada&start=90
179,https://ca.indeed.com/jobs?q=data&l=canada&start=90
180,https://ca.indeed.com/jobs?q=data&l=canada&start=90
181,https://ca.indeed.com/jobs?q=data&l=canada&start=90
182,https://ca.indeed.com/jobs?q=data&l=canada&start=90
183,https://ca.indeed.com/jobs?q=data&l=canada&start=90
184,https://ca.indeed.com/jobs?q=data&l=canada&start=90
185,https://ca.indeed.com/jobs?q=data&l=canada&start=90
186,https://ca.indeed.com/jobs?q=data&l=canada&start=90
187,https://ca.indeed.com/jobs?q=data&l=canada&start=90
188,https://ca.indeed.com/jobs?q=data&l=canada&start=90
189,https://ca.indeed.com/jobs?q=data&l=canada&start=90
190,https://ca.indeed.com/jobs?q=data&l=canada&start=90
191,https://ca.indeed.com/jobs?q=data&l=canada&start=90
192,https://ca.indeed.com/jobs?q=data&l=canada&start=90
193,https://ca.indeed.com/jobs?q=data&l=canada&start=90
194,https://ca.indeed.com/jobs?q=data&l=canada&start=90
195,https://ca.indeed.com/jobs?q=data&l=canada&start=90
196,https://ca.indeed.com/jobs?q=data&l=canada&start=90
197,https://ca.indeed.com/jobs?q=data&l=canada&start=90
198,https://ca.indeed.com/jobs?q=data&l=canada&start=90
199,https://ca.indeed.com/jobs?q=data&l=canada&start=90
200,https://ca.indeed.com/jobs?q=data&l=canada&start=90
201,https://ca.indeed.com/jobs?q=data&l=canada&start=90
202,https://ca.indeed.com/jobs?q=data&l=canada&start=90
203,https://ca.indeed.com/jobs?q=data&l=canada&start=90
204,https://ca.indeed.com/jobs?q=data&l=canada&start=90
205,https://ca.indeed.com/jobs?q=data&l=canada&start=90
206,https://ca.indeed.com/jobs?q=data&l=canada&start=90
207,https://ca.indeed.com/jobs?q=data&l=canada&start=90
208,https://ca.indeed.com/jobs?q=data&l=canada&start=90
209,https://ca.indeed.com/jobs?q=data&l=canada&start=90
210,https://ca.indeed.com/jobs?q=data&l=canada&start=90
211,https://ca.indeed.com/jobs?q=data&l=canada&start=90
212,https://ca.indeed.com/jobs?q=data&l=canada&start=90
213,https://ca.indeed.com/jobs?q=data&l=canada&start=90
214,https://ca.indeed.com/jobs?q=data&l=canada&start=90
215,https://ca.indeed.com/jobs?q=data&l=canada&start=90
216,https://ca.indeed.com/jobs?q=data&l=canada&start=90
217,https://ca.indeed.com/jobs?q=data&l=canada&start=90
218,https://ca.indeed.com/jobs?q=data&l=canada&start=90
219,https://ca.indeed.com/jobs?q=data&l=canada&start=90
220,https://ca.indeed.com/jobs?q=data&l=canada&start=90
221,https://ca.indeed.com/jobs?q=data&l=canada&start=90
222,https://ca.indeed.com/jobs?q=data&l=canada&start=90
223,https://ca.indeed.com/jobs?q=data&l=canada&start=90
224,https://ca.indeed.com/jobs?q=data&l=canada&start=90
225,https://ca.indeed.com/jobs?q=data&l=canada&start=90
226,https://ca.indeed.com/jobs?q=data&l=canada&start=90
227,https://ca.indeed.com/jobs?q=data&l=canada&start=90
228,https://ca.indeed.com/jobs?q=data&l=canada&start=90
229,https://ca.indeed.com/jobs?q=data&l=canada&start=90
230,https://ca.indeed.com/jobs?q=data&l=canada&start=90
231,https://ca.indeed.com/jobs?q=data&l=canada&start=90
232,https://ca.indeed.com/jobs?q=data&l=canada&start=90
233,https://ca.indeed.com/jobs?q=data&l=canada&start=90
234,https://ca.indeed.com/jobs?q=data&l=canada&start=90
235,https://ca.indeed.com/jobs?q=data&l=canada&start=90
236,https://ca.indeed.com/jobs?q=data&l=canada&start=90
237,https://ca.indeed.com/jobs?q=data&l=canada&start=90
238,https://ca.indeed.com/jobs?q=data&l=canada&start=90
239,https://ca.indeed.com/jobs?q=data&l=canada&start=90
240,https://ca.indeed.com/jobs?q=data&l=canada&start=90
241,https://ca.indeed.com/jobs?q=data&l=canada&start=90
242,https://ca.indeed.com/jobs?q=data&l=canada&start=90
243,https://ca.indeed.com/jobs?q=data&l=canada&start=90
244,https://ca.indeed.com/jobs?q=data&l=canada&start=90
245,https://ca.indeed.com/jobs?q=data&l=canada&start=90
246,https://ca.indeed.com/jobs?q=data&l=canada&start=90
247,https://ca.indeed.com/jobs?q=data&l=canada&start=90
248,https://ca.indeed.com/jobs?q=data&l=canada&start=90
249,https://ca.indeed.com/jobs?q=data&l=canada&start=90
250,https://ca.indeed.com/jobs?q=data&l=canada&start=90
251,https://ca.indeed.com/jobs?q=data&l=canada&start=90
252,https://ca.indeed.com/jobs?q=data&l=canada&start=90
253,https://ca.indeed.com/jobs?q=data&l=canada&start=90
254,https://ca.indeed.com/jobs?q=data&l=canada&start=90
255,https://ca.indeed.com/jobs?q=data&l=canada&start=90
256,https://ca.indeed.com/jobs?q=data&l=canada&start=90
257,https://ca.indeed.com/jobs?q=data&l=canada&start=90
258,https://ca.indeed.com/jobs?q=data&l=canada&start=90
259,https://ca.indeed.com/jobs?q=data&l=canada&start=90
260,https://ca.indeed.com/jobs?q=data&l=canada&start=90
261,https://ca.indeed.com/jobs?q=data&l=canada&start=90
262,https://ca.indeed.com/jobs?q=data&l=canada&start=90
263,https://ca.indeed.com/jobs?q=data&l=canada&start=90
264,https://ca.indeed.com/jobs?q=data&l=canada&start=90
265,https://ca.indeed.com/jobs?q=data&l=canada&start=90
266,https://ca.indeed.com/jobs?q=data&l=canada&start=90
267,https://ca.indeed.com/jobs?q=data&l=canada&start=90
268,https://ca.indeed.com/jobs?q=data&l=canada&start=90
269,https://ca.indeed.com/jobs?q=data&l=canada&start=90
270,https://ca.indeed.com/jobs?q=data&l=canada&start=90
271,https://ca.indeed.com/jobs?q=data&l=canada&start=90
272,https://ca.indeed.com/jobs?q=data&l=canada&start=90
273,https://ca.indeed.com/jobs?q=data&l=canada&start=90
274,https://ca.indeed.com/jobs?q=data&l=canada&start=90
275,https://ca.indeed.com/jobs?q=data&l=canada&start=90
276,https://ca.indeed.com/jobs?q=data&l=canada&start=90
277,https://ca.indeed.com/jobs?q=data&l=canada&start=90
278,https://ca.indeed.com/jobs?q=data&l=canada&start=90
279,https://ca.indeed.com/jobs?q=data&l=canada&start=90
280,https://ca.indeed.com/jobs?q=data&l=canada&start=90
281,https://ca.indeed.com/jobs?q=data&l=canada&start=90
282,https://ca.indeed.com/jobs?q=data&l=canada&start=90
283,https://ca.indeed.com/jobs?q=data&l=canada&start=90
284,https://ca.indeed.com/jobs?q=data&l=canada&start=90
285,https://ca.indeed.com/jobs?q=data&l=canada&start=90
286,https://ca.indeed.com/jobs?q=data&l=canada&start=90
287,https://ca.indeed.com/jobs?q=data&l=canada&start=90
288,https://ca.indeed.com/jobs?q=data&l=canada&start=90
289,https://ca.indeed.com/jobs?q=data&l=canada&start=90
290,https://ca.indeed.com/jobs?q=data&l=canada&start=90
291,https://ca.indeed.com/jobs?q=data&l=canada&start=90
292,https://ca.indeed.com/jobs?q=data&l=canada&start=90
293,https://ca.indeed.com/jobs?q=data&l=canada&start=90
294,https://ca.indeed.com/jobs?q=data&l=canada&start=90
295,https://ca.indeed.com/jobs?q=data&l=canada&start=90
296,https://ca.indeed.com/jobs?q=data&l=canada&start=90
297,https://ca.indeed.com/jobs?q=data&l=canada&start=90
298,https://ca.indeed.com/jobs?q=data&l=canada&start=90
299,https://ca.indeed.com/jobs?q=data&l=canada&start=90
300,https://ca.indeed.com/jobs?q=data&l=canada&start=90
301,https://ca.indeed.com/jobs?q=data&l=canada&start=90
302,https://ca.indeed.com/jobs?q=data&l=canada&start=90
303,https://ca.indeed.com/jobs?q=data&l=canada&start=90
304,https://ca.indeed.com/jobs?q=data&l=canada&start=90
305,https://ca.indeed.com/jobs?q=data&l=canada&start=90
306,https://ca.indeed.com/jobs?q=data&l=canada&start=90
307,https://ca.indeed.com/jobs?q=data&l=canada&start=90
308,https://ca.indeed.com/jobs?q=junior+data+developer&l=canada&start=90
309,https://ca.indeed.com/jobs?q=junior+data+developer&l=canada&start=90
310,https://ca.indeed.com/jobs?q=junior+data+developer&l=canada&start=90
311,https://ca.indeed.com/jobs?q=junior+data+developer&l=canada&start=90
312,https://ca.indeed.com/jobs?q=junior+data+developer&l=canada&start=90
313,https://ca.indeed.com/jobs?q=junior+data+developer&l=canada&start=90
314,https://ca.indeed.com/jobs?q=junior+data+developer&l=canada&start=90
315,https://ca.indeed.com/jobs?q=junior+data+developer&l=canada&start=90
316,https://ca.indeed.com/jobs?q=junior+data+developer&l=canada&start=90
317,https://ca.indeed.com/jobs?q=junior+data+developer&l=canada&start=90
318,https://ca.indeed.com/jobs?q=junior+data+developer&l=canada&start=90
319,https://ca.indeed.com/jobs?q=junior+data+developer&l=canada&start=90
320,https://ca.indeed.com/jobs?q=junior+data+developer&l=canada&start=90
321,https://ca.indeed.com/jobs?q=junior+data+developer&l=canada&start=90
322,https://ca.indeed.com/jobs?q=junior+data+developer&l=canada&start=90
323,https://ca.indeed.com/jobs?q=junior+data+developer&l=canada&start=90
324,https://ca.indeed.com/jobs?q=junior+data+developer&l=canada&start=90
325,https://ca.indeed.com/jobs?q=junior+data+developer&l=canada&start=90
326,https://ca.indeed.com/jobs?q=junior+data+developer&l=canada&start=90
327,https://ca.indeed.com/jobs?q=junior+data+developer&l=canada&start=90
328,https://ca.indeed.com/jobs?q=junior+data+developer&l=canada&start=90
329,https://ca.indeed.com/jobs?q=junior+data+developer&l=canada&start=90
330,https://ca.indeed.com/jobs?q=junior+data+developer&l=canada&start=90
331,https://ca.indeed.com/jobs?q=junior+data+developer&l=canada&start=90
332,https://ca.indeed.com/jobs?q=junior+data+developer&l=canada&start=90
333,https://ca.indeed.com/jobs?q=junior+data+developer&l=canada&start=90
334,https://ca.indeed.com/jobs?q=junior+data+developer&l=canada&start=90
335,https://ca.indeed.com/jobs?q=junior+data+developer&l=canada&start=90
336,https://ca.indeed.com/jobs?q=junior+data+developer&l=canada&start=90
337,https://ca.indeed.com/jobs?q=junior+data+developer&l=canada&start=90
338,https://ca.indeed.com/jobs?q=junior+data+developer&l=canada&start=90
339,https://ca.indeed.com/jobs?q=junior+data+developer&l=canada&start=90
340,https://ca.indeed.com/jobs?q=junior+data+developer&l=canada&start=90
341,https://ca.indeed.com/jobs?q=junior+data+developer&l=canada&start=90
342,https://ca.indeed.com/jobs?q=junior+data+developer&l=canada&start=90
343,https://ca.indeed.com/jobs?q=junior+data+developer&l=canada&start=90
344,https://ca.indeed.com/jobs?q=junior+data+developer&l=canada&start=90
345,https://ca.indeed.com/jobs?q=junior+data+developer&l=canada&start=90
346,https://ca.indeed.com/jobs?q=junior+data+developer&l=canada&start=90
347,https://ca.indeed.com/jobs?q=business+data+analyst&l=canada&start=90
348,https://ca.indeed.com/jobs?q=business+data+analyst&l=canada&start=90
349,https://ca.indeed.com/jobs?q=business+data+analyst&l=canada&start=90
350,https://ca.indeed.com/jobs?q=business+data+analyst&l=canada&start=90
351,https://ca.indeed.com/jobs?q=business+data+analyst&l=canada&start=90
352,https://ca.indeed.com/jobs?q=business+data+analyst&l=canada&start=90
353,https://ca.indeed.com/jobs?q=business+data+analyst&l=canada&start=90
354,https://ca.indeed.com/jobs?q=business+data+analyst&l=canada&start=90
355,https://ca.indeed.com/jobs?q=business+data+analyst&l=canada&start=90
356,https://ca.indeed.com/jobs?q=business+data+analyst&l=canada&start=90
357,https://ca.indeed.com/jobs?q=business+data+analyst&l=canada&start=90
358,https://ca.indeed.com/jobs?q=business+data+analyst&l=canada&start=90
359,https://ca.indeed.com/jobs?q=business+data+analyst&l=canada&start=90
360,https://ca.indeed.com/jobs?q=business+data+analyst&l=canada&start=90
361,https://ca.indeed.com/jobs?q=business+data+analyst&l=canada&start=90
362,https://ca.indeed.com/jobs?q=business+data+analyst&l=canada&start=90
363,https://ca.indeed.com/jobs?q=business+data+analyst&l=canada&start=90
364,https://ca.indeed.com/jobs?q=business+data+analyst&l=canada&start=90
365,https://ca.indeed.com/jobs?q=business+data+analyst&l=canada&start=90
366,https://ca.indeed.com/jobs?q=business+data+analyst&l=canada&start=90
367,https://ca.indeed.com/jobs?q=business+data+analyst&l=canada&start=90
368,https://ca.indeed.com/jobs?q=business+data+analyst&l=canada&start=90
369,https://ca.indeed.com/jobs?q=business+data+analyst&l=canada&start=90
370,https://ca.indeed.com/jobs?q=business+data+analyst&l=canada&start=90
371,https://ca.indeed.com/jobs?q=business+data+analyst&l=canada&start=90
372,https://ca.indeed.com/jobs?q=business+data+analyst&l=canada&start=90
373,https://ca.indeed.com/jobs?q=business+data+analyst&l=canada&start=90
374,https://ca.indeed.com/jobs?q=business+data+analyst&l=canada&start=90
375,https://ca.indeed.com/jobs?q=business+data+analyst&l=canada&start=90
376,https://ca.indeed.com/jobs?q=business+data+analyst&l=canada&start=90
377,https://ca.indeed.com/jobs?q=business+data+analyst&l=canada&start=90
378,https://ca.indeed.com/jobs?q=business+data+analyst&l=canada&start=90
379,https://ca.indeed.com/jobs?q=business+data+analyst&l=canada&start=90
380,https://ca.indeed.com/jobs?q=business+data+analyst&l=canada&start=90
381,https://ca.indeed.com/jobs?q=business+data+analyst&l=canada&start=90
382,https://ca.indeed.com/jobs?q=business+data+analyst&l=canada&start=90
383,https://ca.indeed.com/jobs?q=business+data+analyst&l=canada&start=90
384,https://ca.indeed.com/jobs?q=business+data+analyst&l=canada&start=90
385,https://ca.indeed.com/jobs?q=business+data+analyst&l=canada&start=90
386,https://ca.indeed.com/jobs?q=business+data+analyst&l=canada&start=90
387,https://ca.indeed.com/jobs?q=business+data+analyst&l=canada&start=90
388,https://ca.indeed.com/jobs?q=business+data+analyst&l=canada&start=90
389,https://ca.indeed.com/jobs?q=business+data+analyst&l=canada&start=90
390,https://ca.indeed.com/jobs?q=business+data+analyst&l=canada&start=90
391,https://ca.indeed.com/jobs?q=business+data+analyst&l=canada&start=90
392,https://ca.indeed.com/jobs?q=business+data+analyst&l=canada&start=90
393,https://ca.indeed.com/jobs?q=business+data+analyst&l=canada&start=90
394,https://ca.indeed.com/jobs?q=business+data+analyst&l=canada&start=90
395,https://ca.indeed.com/jobs?q=business+data+analyst&l=canada&start=90
396,https://ca.indeed.com/jobs?q=business+data+analyst&l=canada&start=90
397,https://ca.indeed.com/jobs?q=business+data+analyst&l=canada&start=90
398,https://ca.indeed.com/jobs?q=business+data+analyst&l=canada&start=90
399,https://ca.indeed.com/jobs?q=business+data+analyst&l=canada&start=90
400,https://ca.indeed.com/jobs?q=business+data+analyst&l=canada&start=90
401,https://ca.indeed.com/jobs?q=business+data+analyst&l=canada&start=90
402,https://ca.indeed.com/jobs?q=business+data+analyst&l=canada&start=90
403,https://ca.indeed.com/jobs?q=business+data+analyst&l=canada&start=90
404,https://ca.indeed.com/jobs?q=business+data+analyst&l=canada&start=90
405,https://ca.indeed.com/jobs?q=business+data+analyst&l=canada&start=90
406,https://ca.indeed.com/jobs?q=business+data+analyst&l=canada&start=90
407,https://ca.indeed.com/jobs?q=business+data+analyst&l=canada&start=90
408,https://ca.indeed.com/jobs?q=business+data+analyst&l=canada&start=90
409,https://ca.indeed.com/jobs?q=business+data+analyst&l=canada&start=90
410,https://ca.indeed.com/jobs?q=business+data+analyst&l=canada&start=90
411,https://ca.indeed.com/jobs?q=business+data+analyst&l=canada&start=90
412,https://ca.indeed.com/jobs?q=business+data+analyst&l=canada&start=90
413,https://ca.indeed.com/jobs?q=business+data+analyst&l=canada&start=90
414,https://ca.indeed.com/jobs?q=business+data+analyst&l=canada&start=90
415,https://ca.indeed.com/jobs?q=business+data+analyst&l=canada&start=90
416,https://ca.indeed.com/jobs?q=business+data+analyst&l=canada&start=90
417,https://ca.indeed.com/jobs?q=business+data+analyst&l=canada&start=90
418,https://ca.indeed.com/jobs?q=business+data+analyst&l=canada&start=90
419,https://ca.indeed.com/jobs?q=business+data+analyst&l=canada&start=90
420,https://ca.indeed.com/jobs?q=business+data+analyst&l=canada&start=90
421,https://ca.indeed.com/jobs?q=business+data+analyst&l=canada&start=90
422,https://ca.indeed.com/jobs?q=business+data+analyst&l=canada&start=90
423,https://ca.indeed.com/jobs?q=business+data+analyst&l=canada&start=90
424,https://ca.indeed.com/jobs?q=business+data+analyst&l=canada&start=90
425,https://ca.indeed.com/jobs?q=business+data+analyst&l=canada&start=90
426,https://ca.indeed.com/jobs?q=business+data+analyst&l=canada&start=90
427,https://ca.indeed.com/jobs?q=business+data+analyst&l=canada&start=90
428,https://ca.indeed.com/jobs?q=business+data+analyst&l=canada&start=90
429,https://ca.indeed.com/jobs?q=business+data+analyst&l=canada&start=90
430,https://ca.indeed.com/jobs?q=business+data+analyst&l=canada&start=90
431,https://ca.indeed.com/jobs?q=business+data+analyst&l=canada&start=90
432,https://ca.indeed.com/jobs?q=business+data+analyst&l=canada&start=90
433,https://ca.indeed.com/jobs?q=business+data+analyst&l=canada&start=90
434,https://ca.indeed.com/jobs?q=business+data+analyst&l=canada&start=90
435,https://ca.indeed.com/jobs?q=business+data+analyst&l=canada&start=90
436,https://ca.indeed.com/jobs?q=business+data+analyst&l=canada&start=90
437,https://ca.indeed.com/jobs?q=business+data+analyst&l=canada&start=90
438,https://ca.indeed.com/jobs?q=business+data+analyst&l=canada&start=90
439,https://ca.indeed.com/jobs?q=business+data+analyst&l=canada&start=90
440,https://ca.indeed.com/jobs?q=business+data+analyst&l=canada&start=90
441,https://ca.indeed.com/jobs?q=business+data+analyst&l=canada&start=90
442,https://ca.indeed.com/jobs?q=business+data+analyst&l=canada&start=90
443,https://ca.indeed.com/jobs?q=business+data+analyst&l=canada&start=90
444,https://ca.indeed.com/jobs?q=business+data+analyst&l=canada&start=90
445,https://ca.indeed.com/jobs?q=business+data+analyst&l=canada&start=90
446,https://ca.indeed.com/jobs?q=business+data+analyst&l=canada&start=90
447,https://ca.indeed.com/jobs?q=business+data+analyst&l=canada&start=90
448,https://ca.indeed.com/jobs?q=business+data+analyst&l=canada&start=90
449,https://ca.indeed.com/jobs?q=business+data+analyst&l=canada&start=90
450,https://ca.indeed.com/jobs?q=business+data+analyst&l=canada&start=90
451,https://ca.indeed.com/jobs?q=business+data+analyst&l=canada&start=90
452,https://ca.indeed.com/jobs?q=business+data+analyst&l=canada&start=90
453,https://ca.indeed.com/jobs?q=business+data+analyst&l=canada&start=90
454,https://ca.indeed.com/jobs?q=business+data+analyst&l=canada&start=90
455,https://ca.indeed.com/jobs?q=business+data+analyst&l=canada&start=90
456,https://ca.indeed.com/jobs?q=business+data+analyst&l=canada&start=90
457,https://ca.indeed.com/jobs?q=business+data+analyst&l=canada&start=90
458,https://ca.indeed.com/jobs?q=business+data+analyst&l=canada&start=90
459,https://ca.indeed.com/jobs?q=business+data+analyst&l=canada&start=90
460,https://ca.indeed.com/jobs?q=business+data+analyst&l=canada&start=90
461,https://ca.indeed.com/jobs?q=business+data+analyst&l=canada&start=90
462,https://ca.indeed.com/jobs?q=business+data+analyst&l=canada&start=90
463,https://ca.indeed.com/jobs?q=business+data+analyst&l=canada&start=90
464,https://ca.indeed.com/jobs?q=business+data+analyst&l=canada&start=90
465,https://ca.indeed.com/jobs?q=business+data+analyst&l=canada&start=90
466,https://ca.indeed.com/jobs?q=business+data+analyst&l=canada&start=90
467,https://ca.indeed.com/jobs?q=business+data+analyst&l=canada&start=90
468,https://ca.indeed.com/jobs?q=business+data+analyst&l=canada&start=90
469,https://ca.indeed.com/jobs?q=business+data+analyst&l=canada&start=90
470,https://ca.indeed.com/jobs?q=business+data+analyst&l=canada&start=90
471,https://ca.indeed.com/jobs?q=business+data+analyst&l=canada&start=90
472,https://ca.indeed.com/jobs?q=business+data+analyst&l=canada&start=90
473,https://ca.indeed.com/jobs?q=business+data+analyst&l=canada&start=90
474,https://ca.indeed.com/jobs?q=business+data+analyst&l=canada&start=90
475,https://ca.indeed.com/jobs?q=business+data+analyst&l=canada&start=90
476,https://ca.indeed.com/jobs?q=business+data+analyst&l=canada&start=90
477,https://ca.indeed.com/jobs?q=business+data+analyst&l=canada&start=90
478,https://ca.indeed.com/jobs?q=business+data+analyst&l=canada&start=90
479,https://ca.indeed.com/jobs?q=business+data+analyst&l=canada&start=90
480,https://ca.indeed.com/jobs?q=business+data+analyst&l=canada&start=90
481,https://ca.indeed.com/jobs?q=business+data+analyst&l=canada&start=90
482,https://ca.indeed.com/jobs?q=business+data+analyst&l=canada&start=90
483,https://ca.indeed.com/jobs?q=business+data+analyst&l=canada&start=90
484,https://ca.indeed.com/jobs?q=business+data+analyst&l=canada&start=90
485,https://ca.indeed.com/jobs?q=business+data+analyst&l=canada&start=90
486,https://ca.indeed.com/jobs?q=business+data+analyst&l=canada&start=90
487,https://ca.indeed.com/jobs?q=business+data+analyst&l=canada&start=90
488,https://ca.indeed.com/jobs?q=business+data+analyst&l=canada&start=90
489,https://ca.indeed.com/jobs?q=business+data+analyst&l=canada&start=90
490,https://ca.indeed.com/jobs?q=business+data+analyst&l=canada&start=90
491,https://ca.indeed.com/jobs?q=business+data+analyst&l=canada&start=90
492,https://ca.indeed.com/jobs?q=business+data+analyst&l=canada&start=90
493,https://ca.indeed.com/jobs?q=business+data+analyst&l=canada&start=90
494,https://ca.indeed.com/jobs?q=business+data+analyst&l=canada&start=90
495,https://ca.indeed.com/jobs?q=business+data+analyst&l=canada&start=90
496,https://ca.indeed.com/jobs?q=business+data+analyst&l=canada&start=90
497,https://ca.indeed.com/jobs?q=business+data+analyst&l=canada&start=90
498,https://ca.indeed.com/jobs?q=business+data+analyst&l=canada&start=90
499,https://ca.indeed.com/jobs?q=business+data+analyst&l=canada&start=90
500,https://ca.indeed.com/jobs?q=business+data+analyst&l=canada&start=90
501,https://ca.indeed.com/jobs?q=business+data+analyst&l=canada&start=90
502,https://ca.indeed.com/jobs?q=business+data+analyst&l=canada&start=90
503,https://ca.indeed.com/jobs?q=business+data+analyst&l=canada&start=90
504,https://ca.indeed.com/jobs?q=business+data+analyst&l=canada&start=90
505,https://ca.indeed.com/jobs?q=business+data+analyst&l=canada&start=90
506,https://ca.indeed.com/jobs?q=business+data+analyst&l=canada&start=90
507,https://ca.indeed.com/jobs?q=business+data+analyst&l=canada&start=90
508,https://ca.indeed.com/jobs?q=business+data+analyst&l=canada&start=90
509,https://ca.indeed.com/jobs?q=business+data+analyst&l=canada&start=90
510,https://ca.indeed.com/jobs?q=business+data+analyst&l=canada&start=90
511,https://ca.indeed.com/jobs?q=business+data+analyst&l=canada&start=90
512,https://ca.indeed.com/jobs?q=business+data+analyst&l=canada&start=90
513,https://ca.indeed.com/jobs?q=business+data+analyst&l=canada&start=90
514,https://ca.indeed.com/jobs?q=business+data+analyst&l=canada&start=90
515,https://ca.indeed.com/jobs?q=business+data+analyst&l=canada&start=90
516,https://ca.indeed.com/jobs?q=business+data+analyst&l=canada&start=90
517,https://ca.indeed.com/jobs?q=business+data+analyst&l=canada&start=90
518,https://ca.indeed.com/jobs?q=business+data+analyst&l=canada&start=90
519,https://ca.indeed.com/jobs?q=business+data+analyst&l=canada&start=90
520,https://ca.indeed.com/jobs?q=business+data+analyst&l=canada&start=90
521,https://ca.indeed.com/jobs?q=business+data+analyst&l=canada&start=90
522,https://ca.indeed.com/jobs?q=business+data+analyst&l=canada&start=90
523,https://ca.indeed.com/jobs?q=business+data+analyst&l=canada&start=90
524,https://ca.indeed.com/jobs?q=business+data+analyst&l=canada&start=90
525,https://ca.indeed.com/jobs?q=business+data+analyst&l=canada&start=90
526,https://ca.indeed.com/jobs?q=business+data+analyst&l=canada&start=90
527,https://ca.indeed.com/jobs?q=business+data+analyst&l=canada&start=90
528,https://ca.indeed.com/jobs?q=business+data+analyst&l=canada&start=90
529,https://ca.indeed.com/jobs?q=business+data+analyst&l=canada&start=90
530,https://ca.indeed.com/jobs?q=business+data+analyst&l=canada&start=90
531,https://ca.indeed.com/jobs?q=business+data+analyst&l=canada&start=90
532,https://ca.indeed.com/jobs?q=business+data+analyst&l=canada&start=90
533,https://ca.indeed.com/jobs?q=business+data+analyst&l=canada&start=90
534,https://ca.indeed.com/jobs?q=business+data+analyst&l=canada&start=90
535,https://ca.indeed.com/jobs?q=business+data+analyst&l=canada&start=90
536,https://ca.indeed.com/jobs?q=business+data+analyst&l=canada&start=90
537,https://ca.indeed.com/jobs?q=business+data+analyst&l=canada&start=90
538,https://ca.indeed.com/jobs?q=business+data+analyst&l=canada&start=90
539,https://ca.indeed.com/jobs?q=business+data+analyst&l=canada&start=90
540,https://ca.indeed.com/jobs?q=business+data+analyst&l=canada&start=90
541,https://ca.indeed.com/jobs?q=business+data+analyst&l=canada&start=90
542,https://ca.indeed.com/jobs?q=business+data+analyst&l=canada&start=90
543,https://ca.indeed.com/jobs?q=business+data+analyst&l=canada&start=90
544,https://ca.indeed.com/jobs?q=business+data+analyst&l=canada&start=90
545,https://ca.indeed.com/jobs?q=business+data+analyst&l=canada&start=90
546,https://ca.indeed.com/jobs?q=business+data+analyst&l=canada&start=90
547,https://ca.indeed.com/jobs?q=business+data+analyst&l=canada&start=90
548,https://ca.indeed.com/jobs?q=business+data+analyst&l=canada&start=90
549,https://ca.indeed.com/jobs?q=business+data+analyst&l=canada&start=90
550,https://ca.indeed.com/jobs?q=business+data+analyst&l=canada&start=90
551,https://ca.indeed.com/jobs?q=business+data+analyst&l=canada&start=90
552,https://ca.indeed.com/jobs?q=business+data+analyst&l=canada&start=90
553,https://ca.indeed.com/jobs?q=business+data+analyst&l=canada&start=90
554,https://ca.indeed.com/jobs?q=business+data+analyst&l=canada&start=90
555,https://ca.indeed.com/jobs?q=business+data+analyst&l=canada&start=90
556,https://ca.indeed.com/jobs?q=business+data+analyst&l=canada&start=90
557,https://ca.indeed.com/jobs?q=business+data+analyst&l=canada&start=90
558,https://ca.indeed.com/jobs?q=business+data+analyst&l=canada&start=90
559,https://ca.indeed.com/jobs?q=business+data+analyst&l=canada&start=90
560,https://ca.indeed.com/jobs?q=business+data+analyst&l=canada&start=90
561,https://ca.indeed.com/jobs?q=business+data+analyst&l=canada&start=90
562,https://ca.indeed.com/jobs?q=business+data+analyst&l=canada&start=90
563,https://ca.indeed.com/jobs?q=business+data+analyst&l=canada&start=90
564,https://ca.indeed.com/jobs?q=business+data+analyst&l=canada&start=90
565,https://ca.indeed.com/jobs?q=business+data+analyst&l=canada&start=90
566,https://ca.indeed.com/jobs?q=business+data+analyst&l=canada&start=90
567,https://ca.indeed.com/jobs?q=business+data+analyst&l=canada&start=90
568,https://ca.indeed.com/jobs?q=business+data+analyst&l=canada&start=90
569,https://ca.indeed.com/jobs?q=business+data+analyst&l=canada&start=90
570,https://ca.indeed.com/jobs?q=business+data+analyst&l=canada&start=90
571,https://ca.indeed.com/jobs?q=business+data+analyst&l=canada&start=90
572,https://ca.indeed.com/jobs?q=business+data+analyst&l=canada&start=90
573,https://ca.indeed.com/jobs?q=business+data+analyst&l=canada&start=90
574,https://ca.indeed.com/jobs?q=business+data+analyst&l=canada&start=90
575,https://ca.indeed.com/jobs?q=business+data+analyst&l=canada&start=90
576,https://ca.indeed.com/jobs?q=business+data+analyst&l=canada&start=90
577,https://ca.indeed.com/jobs?q=business+data+analyst&l=canada&start=90
578,https://ca.indeed.com/jobs?q=business+data+analyst&l=canada&start=90
579,https://ca.indeed.com/jobs?q=business+data+analyst&l=canada&start=90
580,https://ca.indeed.com/jobs?q=business+data+analyst&l=canada&start=90
581,https://ca.indeed.com/jobs?q=business+data+analyst&l=canada&start=90
582,https://ca.indeed.com/jobs?q=business+data+analyst&l=canada&start=90
583,https://ca.indeed.com/jobs?q=business+data+analyst&l=canada&start=90
584,https://ca.indeed.com/jobs?q=business+data+analyst&l=canada&start=90
585,https://ca.indeed.com/jobs?q=business+data+analyst&l=canada&start=90
586,https://ca.indeed.com/jobs?q=business+data+analyst&l=canada&start=90
587,https://ca.indeed.com/jobs?q=business+data+analyst&l=canada&start=90
588,https://ca.indeed.com/jobs?q=business+data+analyst&l=canada&start=90
589,https://ca.indeed.com/jobs?q=business+data+analyst&l=canada&start=90
590,https://ca.indeed.com/jobs?q=business+data+analyst&l=canada&start=90
591,https://ca.indeed.com/jobs?q=business+data+analyst&l=canada&start=90
592,https://ca.indeed.com/jobs?q=business+data+analyst&l=canada&start=90
593,https://ca.indeed.com/jobs?q=business+data+analyst&l=canada&start=90
594,https://ca.indeed.com/jobs?q=business+data+analyst&l=canada&start=90
595,https://ca.indeed.com/jobs?q=business+data+analyst&l=canada&start=90
596,https://ca.indeed.com/jobs?q=business+data+analyst&l=canada&start=90
597,https://ca.indeed.com/jobs?q=business+data+analyst&l=canada&start=90
598,https://ca.indeed.com/jobs?q=business+data+analyst&l=canada&start=90
599,https://ca.indeed.com/jobs?q=business+data+analyst&l=canada&start=90
600,https://ca.indeed.com/jobs?q=business+data+analyst&l=canada&start=90
601,https://ca.indeed.com/jobs?q=business+data+analyst&l=canada&start=90
602,https://ca.indeed.com/jobs?q=business+data+analyst&l=canada&start=90
603,https://ca.indeed.com/jobs?q=business+data+analyst&l=canada&start=90
604,https://ca.indeed.com/jobs?q=business+data+analyst&l=canada&start=90
605,https://ca.indeed.com/jobs?q=business+data+analyst&l=canada&start=90
606,https://ca.indeed.com/jobs?q=business+data+analyst&l=canada&start=90
607,https://ca.indeed.com/jobs?q=business+data+analyst&l=canada&start=90
608,https://ca.indeed.com/jobs?q=business+data+analyst&l=canada&start=90
609,https://ca.indeed.com/jobs?q=business+data+analyst&l=canada&start=90
610,https://ca.indeed.com/jobs?q=business+data+analyst&l=canada&start=90
611,https://ca.indeed.com/jobs?q=business+data+analyst&l=canada&start=90
612,https://ca.indeed.com/jobs?q=business+data+analyst&l=canada&start=90
613,https://ca.indeed.com/jobs?q=business+data+analyst&l=canada&start=90
614,https://ca.indeed.com/jobs?q=business+data+analyst&l=canada&start=90
615,https://ca.indeed.com/jobs?q=business+data+analyst&l=canada&start=90
616,https://ca.indeed.com/jobs?q=business+data+analyst&l=canada&start=90
617,https://ca.indeed.com/jobs?q=business+data+analyst&l=canada&start=90
618,https://ca.indeed.com/jobs?q=business+data+analyst&l=canada&start=90
619,https://ca.indeed.com/jobs?q=business+data+analyst&l=canada&start=90
620,https://ca.indeed.com/jobs?q=business+data+analyst&l=canada&start=90
621,https://ca.indeed.com/jobs?q=business+data+analyst&l=canada&start=90
622,https://ca.indeed.com/jobs?q=business+data+analyst&l=canada&start=90
623,https://ca.indeed.com/jobs?q=business+data+analyst&l=canada&start=90
624,https://ca.indeed.com/jobs?q=business+data+analyst&l=canada&start=90
625,https://ca.indeed.com/jobs?q=business+data+analyst&l=canada&start=90
626,https://ca.indeed.com/jobs?q=business+data+analyst&l=canada&start=90
627,https://ca.indeed.com/jobs?q=business+data+analyst&l=canada&start=90
628,https://ca.indeed.com/jobs?q=business+data+analyst&l=canada&start=90
629,https://ca.indeed.com/jobs?q=business+data+analyst&l=canada&start=90
630,https://ca.indeed.com/jobs?q=business+data+analyst&l=canada&start=90
631,https://ca.indeed.com/jobs?q=business+data+analyst&l=canada&start=90
632,https://ca.indeed.com/jobs?q=business+data+analyst&l=canada&start=90
633,https://ca.indeed.com/jobs?q=business+data+analyst&l=canada&start=90
634,https://ca.indeed.com/jobs?q=business+data+analyst&l=canada&start=90
635,https://ca.indeed.com/jobs?q=business+data+analyst&l=canada&start=90
636,https://ca.indeed.com/jobs?q=business+data+analyst&l=canada&start=90
637,https://ca.indeed.com/jobs?q=business+data+analyst&l=canada&start=90
638,https://ca.indeed.com/jobs?q=business+data+analyst&l=canada&start=90
639,https://ca.indeed.com/jobs?q=business+data+analyst&l=canada&start=90
640,https://ca.indeed.com/jobs?q=business+data+analyst&l=canada&start=90
641,https://ca.indeed.com/jobs?q=business+data+analyst&l=canada&start=90
642,https://ca.indeed.com/jobs?q=business+data+analyst&l=canada&start=90
643,https://ca.indeed.com/jobs?q=business+data+analyst&l=canada&start=90
644,https://ca.indeed.com/jobs?q=business+data+analyst&l=canada&start=90
645,https://ca.indeed.com/jobs?q=business+data+analyst&l=canada&start=90
646,https://ca.indeed.com/jobs?q=statistician&l=canada&start=90
647,https://ca.indeed.com/jobs?q=statistician&l=canada&start=90
648,https://ca.indeed.com/jobs?q=statistician&l=canada&start=90
649,https://ca.indeed.com/jobs?q=statistician&l=canada&start=90
650,https://ca.indeed.com/jobs?q=big+data+engineer&l=canada&start=90
651,https://ca.indeed.com/jobs?q=big+data+engineer&l=canada&start=90
652,https://ca.indeed.com/jobs?q=big+data+engineer&l=canada&start=90
653,https://ca.indeed.com/jobs?q=big+data+engineer&l=canada&start=90
654,https://ca.indeed.com/jobs?q=big+data+engineer&l=canada&start=90
655,https://ca.indeed.com/jobs?q=big+data+engineer&l=canada&start=90
656,https://ca.indeed.com/jobs?q=big+data+engineer&l=canada&start=90
657,https://ca.indeed.com/jobs?q=big+data+engineer&l=canada&start=90
658,https://ca.indeed.com/jobs?q=big+data+engineer&l=canada&start=90
659,https://ca.indeed.com/jobs?q=big+data+engineer&l=canada&start=90
660,https://ca.indeed.com/jobs?q=big+data+engineer&l=canada&start=90
661,https://ca.indeed.com/jobs?q=big+data+engineer&l=canada&start=90
662,https://ca.indeed.com/jobs?q=big+data+engineer&l=canada&start=90
663,https://ca.indeed.com/jobs?q=big+data+engineer&l=canada&start=90
664,https://ca.indeed.com/jobs?q=big+data+engineer&l=canada&start=90
665,https://ca.indeed.com/jobs?q=big+data+engineer&l=canada&start=90
666,https://ca.indeed.com/jobs?q=big+data+engineer&l=canada&start=90
667,https://ca.indeed.com/jobs?q=big+data+engineer&l=canada&start=90
668,https://ca.indeed.com/jobs?q=big+data+engineer&l=canada&start=90
669,https://ca.indeed.com/jobs?q=big+data+engineer&l=canada&start=90
670,https://ca.indeed.com/jobs?q=big+data+engineer&l=canada&start=90
671,https://ca.indeed.com/jobs?q=big+data+engineer&l=canada&start=90
672,https://ca.indeed.com/jobs?q=big+data+engineer&l=canada&start=90
673,https://ca.indeed.com/jobs?q=big+data+engineer&l=canada&start=90
674,https://ca.indeed.com/jobs?q=big+data+engineer&l=canada&start=90
675,https://ca.indeed.com/jobs?q=big+data+engineer&l=canada&start=90
676,https://ca.indeed.com/jobs?q=big+data+engineer&l=canada&start=90
677,https://ca.indeed.com/jobs?q=big+data+engineer&l=canada&start=90
678,https://ca.indeed.com/jobs?q=big+data+engineer&l=canada&start=90
679,https://ca.indeed.com/jobs?q=big+data+engineer&l=canada&start=90
680,https://ca.indeed.com/jobs?q=big+data+engineer&l=canada&start=90
681,https://ca.indeed.com/jobs?q=big+data+engineer&l=canada&start=90
682,https://ca.indeed.com/jobs?q=big+data+engineer&l=canada&start=90
683,https://ca.indeed.com/jobs?q=big+data+engineer&l=canada&start=90
684,https://ca.indeed.com/jobs?q=big+data+engineer&l=canada&start=90
685,https://ca.indeed.com/jobs?q=big+data+engineer&l=canada&start=90
686,https://ca.indeed.com/jobs?q=big+data+engineer&l=canada&start=90
687,https://ca.indeed.com/jobs?q=big+data+engineer&l=canada&start=90
688,https://ca.indeed.com/jobs?q=big+data+engineer&l=canada&start=90
689,https://ca.indeed.com/jobs?q=big+data+engineer&l=canada&start=90
690,https://ca.indeed.com/jobs?q=big+data+engineer&l=canada&start=90
691,https://ca.indeed.com/jobs?q=big+data+engineer&l=canada&start=90
692,https://ca.indeed.com/jobs?q=big+data+engineer&l=canada&start=90
693,https://ca.indeed.com/jobs?q=big+data+engineer&l=canada&start=90
694,https://ca.indeed.com/jobs?q=big+data+engineer&l=canada&start=90
695,https://ca.indeed.com/jobs?q=big+data+engineer&l=canada&start=90
696,https://ca.indeed.com/jobs?q=big+data+engineer&l=canada&start=90
697,https://ca.indeed.com/jobs?q=big+data+engineer&l=canada&start=90
698,https://ca.indeed.com/jobs?q=big+data+engineer&l=canada&start=90
699,https://ca.indeed.com/jobs?q=big+data+engineer&l=canada&start=90
700,https://ca.indeed.com/jobs?q=big+data+engineer&l=canada&start=90
701,https://ca.indeed.com/jobs?q=big+data+engineer&l=canada&start=90
702,https://ca.indeed.com/jobs?q=big+data+engineer&l=canada&start=90
703,https://ca.indeed.com/jobs?q=big+data+engineer&l=canada&start=90
704,https://ca.indeed.com/jobs?q=big+data+engineer&l=canada&start=90
705,https://ca.indeed.com/jobs?q=big+data+engineer&l=canada&start=90
706,https://ca.indeed.com/jobs?q=big+data+engineer&l=canada&start=90
707,https://ca.indeed.com/jobs?q=big+data+engineer&l=canada&start=90
708,https://ca.indeed.com/jobs?q=big+data+engineer&l=canada&start=90
709,https://ca.indeed.com/jobs?q=big+data+engineer&l=canada&start=90
710,https://ca.indeed.com/jobs?q=big+data+engineer&l=canada&start=90
711,https://ca.indeed.com/jobs?q=big+data+engineer&l=canada&start=90
712,https://ca.indeed.com/jobs?q=big+data+engineer&l=canada&start=90
713,https://ca.indeed.com/jobs?q=big+data+engineer&l=canada&start=90
714,https://ca.indeed.com/jobs?q=big+data+engineer&l=canada&start=90
715,https://ca.indeed.com/jobs?q=big+data+engineer&l=canada&start=90
716,https://ca.indeed.com/jobs?q=big+data+engineer&l=canada&start=90
717,https://ca.indeed.com/jobs?q=big+data+engineer&l=canada&start=90
718,https://ca.indeed.com/jobs?q=big+data+engineer&l=canada&start=90
719,https://ca.indeed.com/jobs?q=big+data+engineer&l=canada&start=90
720,https://ca.indeed.com/jobs?q=big+data+engineer&l=canada&start=90
721,https://ca.indeed.com/jobs?q=big+data+engineer&l=canada&start=90
722,https://ca.indeed.com/jobs?q=big+data+engineer&l=canada&start=90
723,https://ca.indeed.com/jobs?q=big+data+engineer&l=canada&start=90
724,https://ca.indeed.com/jobs?q=big+data+engineer&l=canada&start=90
725,https://ca.indeed.com/jobs?q=big+data+engineer&l=canada&start=90
726,https://ca.indeed.com/jobs?q=big+data+engineer&l=canada&start=90
727,https://ca.indeed.com/jobs?q=big+data+engineer&l=canada&start=90
728,https://ca.indeed.com/jobs?q=big+data+engineer&l=canada&start=90
729,https://ca.indeed.com/jobs?q=big+data+engineer&l=canada&start=90
730,https://ca.indeed.com/jobs?q=big+data+engineer&l=canada&start=90
731,https://ca.indeed.com/jobs?q=big+data+engineer&l=canada&start=90
732,https://ca.indeed.com/jobs?q=big+data+engineer&l=canada&start=90
733,https://ca.indeed.com/jobs?q=big+data+engineer&l=canada&start=90
734,https://ca.indeed.com/jobs?q=big+data+engineer&l=canada&start=90
735,https://ca.indeed.com/jobs?q=big+data+engineer&l=canada&start=90
736,https://ca.indeed.com/jobs?q=big+data+engineer&l=canada&start=90
737,https://ca.indeed.com/jobs?q=big+data+engineer&l=canada&start=90
738,https://ca.indeed.com/jobs?q=big+data+engineer&l=canada&start=90
739,https://ca.indeed.com/jobs?q=big+data+engineer&l=canada&start=90
740,https://ca.indeed.com/jobs?q=big+data+engineer&l=canada&start=90
741,https://ca.indeed.com/jobs?q=big+data+engineer&l=canada&start=90
742,https://ca.indeed.com/jobs?q=big+data+engineer&l=canada&start=90
743,https://ca.indeed.com/jobs?q=big+data+engineer&l=canada&start=90
744,https://ca.indeed.com/jobs?q=big+data+engineer&l=canada&start=90
745,https://ca.indeed.com/jobs?q=big+data+engineer&l=canada&start=90
746,https://ca.indeed.com/jobs?q=big+data+engineer&l=canada&start=90
747,https://ca.indeed.com/jobs?q=big+data+engineer&l=canada&start=90
748,https://ca.indeed.com/jobs?q=big+data+engineer&l=canada&start=90
